{
  "reservoir_id": "norne",
  "pb_psi": 3625.635672810527,
  "p_grid_psi": [
    1500.0,
    1750.0,
    2000.0,
    2250.0,
    2500.0,
    2750.0,
    3000.0,
    3250.0,
    3500.0,
    3750.0,
    4000.0,
    4250.0,
    4500.0,
    4750.0,
    5000.0,
    5250.0,
    5500.0
  ],
  "bo_rb_stb": [
    1.1027105240716233,
    1.1027105240716233,
    1.1027105240716233,
    1.1027105240716233,
    1.1027105240716233,
    1.1027105240716233,
    1.1027105240716233,
    1.1027105240716233,
    1.1071248655822081,
    1.1137493554778666,
    1.119999133986304,
    1.1197250139145523,
    1.1196196955808355,
    1.1196196955808355,
    1.1196196955808355,
    1.1196196955808355,
    1.1196196955808355
  ],
  "bg_rb_scf": [
    0.0007068480724829,
    0.0007068480724829,
    0.0007068480724829,
    0.0007068480724829,
    0.0007068480724829,
    0.0007068480724829,
    0.0007068480724829,
    0.0007068480724829,
    0.0006723010519652668,
    0.0006254666829486,
    0.0005849056204288,
    0.0005849,
    0.0005849,
    0.0005849,
    0.0005849,
    0.0005849,
    0.0005849
  ],
  "rs_scf_stb": [
    1313.935903356068,
    1313.935903356068,
    1313.935903356068,
    1313.935903356068,
    1313.935903356068,
    1313.935903356068,
    1313.935903356068,
    1313.935903356068,
    1359.9985973795617,
    1431.2429102565309,
    1499.9904738493442,
    1500.0,
    1500.0,
    1500.0,
    1500.0,
    1500.0,
    1500.0
  ],
  "p_range_observed": [
    3346.5,
    4345.7
  ]
}