{
  "reservoir_id": "volve",
  "pb_psi": 4064.854692234296,
  "p_grid_psi": [
    1500.0,
    1750.0,
    2000.0,
    2250.0,
    2500.0,
    2750.0,
    3000.0,
    3250.0,
    3500.0,
    3750.0,
    4000.0,
    4250.0,
    4500.0,
    4750.0,
    5000.0,
    5250.0,
    5500.0
  ],
  "bo_rb_stb": [
    1.1177252620031883,
    1.1177252620031883,
    1.1177252620031883,
    1.1177252620031883,
    1.1177252620031883,
    1.1177252620031883,
    1.1177252620031883,
    1.1177252620031883,
    1.1177252620031883,
    1.1177252620031883,
    1.119995539323834,
    1.1197249833009066,
    1.1194500108551828,
    1.1191750461621193,
    1.1189000162268607,
    1.1186249533053427,
    1.1183896620748148
  ],
  "bg_rb_scf": [
    0.0005996630495993,
    0.0005996630495993,
    0.0005996630495993,
    0.0005996630495993,
    0.0005996630495993,
    0.0005996630495993,
    0.0005996630495993,
    0.0005996630495993,
    0.0005996630495993,
    0.0005996630495993,
    0.0005849274770995714,
    0.0005849,
    0.0005849,
    0.0005849,
    0.0005849,
    0.0005849,
    0.0005849
  ],
  "rs_scf_stb": [
    1474.9778820350698,
    1474.9778820350698,
    1474.9778820350698,
    1474.9778820350698,
    1474.9778820350698,
    1474.9778820350698,
    1474.9778820350698,
    1474.9778820350698,
    1474.9778820350698,
    1474.9778820350698,
    1499.9534286447943,
    1500.0,
    1500.0,
    1500.0,
    1500.0,
    1500.0,
    1500.0
  ],
  "p_range_observed": [
    3909.0,
    5463.9
  ]
}